{
    "ammo_capacity": 300,
    "ammo_demand": 75,
    "ammo_id": "/pa/units/air/bug_bomber/bug_bomber_ammo.json",
    "ammo_per_shot": 75,
    "ammo_source": "energy",
    "auto_attack": true,
    "base_spec": "/pa/tools/base_bomb_bay/base_bomb_bay.json",
    "carpet_fire": true,
    "events": {
      "died": {
        "audio_cue": "/SE/Impacts/shell_artillery",
        "effect_spec": "/pa/effects/specs/default_proj_area_explosion.pfx"
      }
    },
    "firing_standard_deviation": 2,
    "max_range": 100,
    "pitch_range": 60,
    "pitch_rate": 3600,
    "rate_of_fire": 7.5,
    "spread_fire": true,
    "idle_aim_delay": 0,
    "target_layers": [
      "WL_LandHorizontal",
      "WL_WaterSurface",
      "WL_Seafloor",
      "WL_Underwater"
    ],
    "target_priorities": [
      "Commander",
      "AirDefense & ( Land | Naval )",
      "Titan & ( Land | Naval )",
      "Artillery & Advanced & ( Land | Naval )",
      "Nuke | NukeDefense"
    ],
    "yaw_range": 30,
    "yaw_rate": 3600
  }

