{
    "base_spec": "/pa/ammo/base_bomb/base_bomb.json",
    "damage": 50,
    "events": {
      "died": {
        "effect_spec":  "/pa/units/air/bug_bomber/acid_puddle.pfx"
      }
    },
    "full_damage_splash_radius": 1,
    "fx_trail": {
      "filename": "/pa/units/air/strafer/strafer_ammo_trail.pfx"
    },
    "flight_type": "Seeking",
    "turn_rate":1,
    "spawn_unit_on_death": "/pa/units/air/bug_bomber/bug_bomber_dot.json",
    "spawn_unit_on_death_with_velocity": false,
    "initial_velocity": 50.0,
    "lifetime": 2,
    "max_velocity": 150.0,
    "physics": {
      "add_to_spatial_db": true
    },
    "splash_damage": 20,
    "splash_radius": 5
  }